Business Name,Location,Category,Description,Email,Phone
"Black Business 1","Atlanta, GA","Tech","A leading Black-owned business in Tech.","contact1@blackbusiness1.com","(555) 010-0001"
"Black Business 2","New York, NY","Beauty","A leading Black-owned business in Beauty.","contact2@blackbusiness2.com","(555) 010-0002"
"Black Business 3","Los Angeles, CA","Food","A leading Black-owned business in Food.","contact3@blackbusiness3.com","(555) 010-0003"
"Black Business 4","Chicago, IL","Fashion","A leading Black-owned business in Fashion.","contact4@blackbusiness4.com","(555) 010-0004"
"Black Business 5","Houston, TX","Consulting","A leading Black-owned business in Consulting.","contact5@blackbusiness5.com","(555) 010-0005"
"Black Business 6","Washington, DC","Health","A leading Black-owned business in Health.","contact6@blackbusiness6.com","(555) 010-0006"
"Black Business 7","Detroit, MI","Entertainment","A leading Black-owned business in Entertainment.","contact7@blackbusiness7.com","(555) 010-0007"
"Black Business 8","New Orleans, LA","Finance","A leading Black-owned business in Finance.","contact8@blackbusiness8.com","(555) 010-0008"
"Black Business 9","Nashville, TN","Education","A leading Black-owned business in Education.","contact9@blackbusiness9.com","(555) 010-0009"
"Black Business 10","Miami, FL","Real Estate","A leading Black-owned business in Real Estate.","contact10@blackbusiness10.com","(555) 010-0010"
"Black Business 11","Atlanta, GA","Agriculture","A leading Black-owned business in Agriculture.","contact11@blackbusiness11.com","(555) 010-0011"
"Black Business 12","New York, NY","Tech","A leading Black-owned business in Tech.","contact12@blackbusiness12.com","(555) 010-0012"
"Black Business 13","Los Angeles, CA","Beauty","A leading Black-owned business in Beauty.","contact13@blackbusiness13.com","(555) 010-0013"
"Black Business 14","Chicago, IL","Food","A leading Black-owned business in Food.","contact14@blackbusiness14.com","(555) 010-0014"
"Black Business 15","Houston, TX","Fashion","A leading Black-owned business in Fashion.","contact15@blackbusiness15.com","(555) 010-0015"
"Black Business 16","Washington, DC","Consulting","A leading Black-owned business in Consulting.","contact16@blackbusiness16.com","(555) 010-0016"
"Black Business 17","Detroit, MI","Health","A leading Black-owned business in Health.","contact17@blackbusiness17.com","(555) 010-0017"
"Black Business 18","New Orleans, LA","Entertainment","A leading Black-owned business in Entertainment.","contact18@blackbusiness18.com","(555) 010-0018"
"Black Business 19","Nashville, TN","Finance","A leading Black-owned business in Finance.","contact19@blackbusiness19.com","(555) 010-0019"
"Black Business 20","Miami, FL","Education","A leading Black-owned business in Education.","contact20@blackbusiness20.com","(555) 010-0020"
"Black Business 21","Atlanta, GA","Real Estate","A leading Black-owned business in Real Estate.","contact21@blackbusiness21.com","(555) 010-0021"
"Black Business 22","New York, NY","Agriculture","A leading Black-owned business in Agriculture.","contact22@blackbusiness22.com","(555) 010-0022"
"Black Business 23","Los Angeles, CA","Tech","A leading Black-owned business in Tech.","contact23@blackbusiness23.com","(555) 010-0023"
"Black Business 24","Chicago, IL","Beauty","A leading Black-owned business in Beauty.","contact24@blackbusiness24.com","(555) 010-0024"
"Black Business 25","Houston, TX","Food","A leading Black-owned business in Food.","contact25@blackbusiness25.com","(555) 010-0025"
"Black Business 26","Washington, DC","Fashion","A leading Black-owned business in Fashion.","contact26@blackbusiness26.com","(555) 010-0026"
"Black Business 27","Detroit, MI","Consulting","A leading Black-owned business in Consulting.","contact27@blackbusiness27.com","(555) 010-0027"
"Black Business 28","New Orleans, LA","Health","A leading Black-owned business in Health.","contact28@blackbusiness28.com","(555) 010-0028"
"Black Business 29","Nashville, TN","Entertainment","A leading Black-owned business in Entertainment.","contact29@blackbusiness29.com","(555) 010-0029"
"Black Business 30","Miami, FL","Finance","A leading Black-owned business in Finance.","contact30@blackbusiness30.com","(555) 010-0030"
"Black Business 31","Atlanta, GA","Education","A leading Black-owned business in Education.","contact31@blackbusiness31.com","(555) 010-0031"
"Black Business 32","New York, NY","Real Estate","A leading Black-owned business in Real Estate.","contact32@blackbusiness32.com","(555) 010-0032"
"Black Business 33","Los Angeles, CA","Agriculture","A leading Black-owned business in Agriculture.","contact33@blackbusiness33.com","(555) 010-0033"
"Black Business 34","Chicago, IL","Tech","A leading Black-owned business in Tech.","contact34@blackbusiness34.com","(555) 010-0034"
"Black Business 35","Houston, TX","Beauty","A leading Black-owned business in Beauty.","contact35@blackbusiness35.com","(555) 010-0035"
"Black Business 36","Washington, DC","Food","A leading Black-owned business in Food.","contact36@blackbusiness36.com","(555) 010-0036"
"Black Business 37","Detroit, MI","Fashion","A leading Black-owned business in Fashion.","contact37@blackbusiness37.com","(555) 010-0037"
"Black Business 38","New Orleans, LA","Consulting","A leading Black-owned business in Consulting.","contact38@blackbusiness38.com","(555) 010-0038"
"Black Business 39","Nashville, TN","Health","A leading Black-owned business in Health.","contact39@blackbusiness39.com","(555) 010-0039"
"Black Business 40","Miami, FL","Entertainment","A leading Black-owned business in Entertainment.","contact40@blackbusiness40.com","(555) 010-0040"
"Black Business 41","Atlanta, GA","Finance","A leading Black-owned business in Finance.","contact41@blackbusiness41.com","(555) 010-0041"
"Black Business 42","New York, NY","Education","A leading Black-owned business in Education.","contact42@blackbusiness42.com","(555) 010-0042"
"Black Business 43","Los Angeles, CA","Real Estate","A leading Black-owned business in Real Estate.","contact43@blackbusiness43.com","(555) 010-0043"
"Black Business 44","Chicago, IL","Agriculture","A leading Black-owned business in Agriculture.","contact44@blackbusiness44.com","(555) 010-0044"
"Black Business 45","Houston, TX","Tech","A leading Black-owned business in Tech.","contact45@blackbusiness45.com","(555) 010-0045"
"Black Business 46","Washington, DC","Beauty","A leading Black-owned business in Beauty.","contact46@blackbusiness46.com","(555) 010-0046"
"Black Business 47","Detroit, MI","Food","A leading Black-owned business in Food.","contact47@blackbusiness47.com","(555) 010-0047"
"Black Business 48","New Orleans, LA","Fashion","A leading Black-owned business in Fashion.","contact48@blackbusiness48.com","(555) 010-0048"
"Black Business 49","Nashville, TN","Consulting","A leading Black-owned business in Consulting.","contact49@blackbusiness49.com","(555) 010-0049"
"Black Business 50","Miami, FL","Health","A leading Black-owned business in Health.","contact50@blackbusiness50.com","(555) 010-0050"
"Black Business 51","Atlanta, GA","Entertainment","A leading Black-owned business in Entertainment.","contact51@blackbusiness51.com","(555) 010-0051"
"Black Business 52","New York, NY","Finance","A leading Black-owned business in Finance.","contact52@blackbusiness52.com","(555) 010-0052"
"Black Business 53","Los Angeles, CA","Education","A leading Black-owned business in Education.","contact53@blackbusiness53.com","(555) 010-0053"
"Black Business 54","Chicago, IL","Real Estate","A leading Black-owned business in Real Estate.","contact54@blackbusiness54.com","(555) 010-0054"
"Black Business 55","Houston, TX","Agriculture","A leading Black-owned business in Agriculture.","contact55@blackbusiness55.com","(555) 010-0055"
"Black Business 56","Washington, DC","Tech","A leading Black-owned business in Tech.","contact56@blackbusiness56.com","(555) 010-0056"
"Black Business 57","Detroit, MI","Beauty","A leading Black-owned business in Beauty.","contact57@blackbusiness57.com","(555) 010-0057"
"Black Business 58","New Orleans, LA","Food","A leading Black-owned business in Food.","contact58@blackbusiness58.com","(555) 010-0058"
"Black Business 59","Nashville, TN","Fashion","A leading Black-owned business in Fashion.","contact59@blackbusiness59.com","(555) 010-0059"
"Black Business 60","Miami, FL","Consulting","A leading Black-owned business in Consulting.","contact60@blackbusiness60.com","(555) 010-0060"
"Black Business 61","Atlanta, GA","Health","A leading Black-owned business in Health.","contact61@blackbusiness61.com","(555) 010-0061"
"Black Business 62","New York, NY","Entertainment","A leading Black-owned business in Entertainment.","contact62@blackbusiness62.com","(555) 010-0062"
"Black Business 63","Los Angeles, CA","Finance","A leading Black-owned business in Finance.","contact63@blackbusiness63.com","(555) 010-0063"
"Black Business 64","Chicago, IL","Education","A leading Black-owned business in Education.","contact64@blackbusiness64.com","(555) 010-0064"
"Black Business 65","Houston, TX","Real Estate","A leading Black-owned business in Real Estate.","contact65@blackbusiness65.com","(555) 010-0065"
"Black Business 66","Washington, DC","Agriculture","A leading Black-owned business in Agriculture.","contact66@blackbusiness66.com","(555) 010-0066"
"Black Business 67","Detroit, MI","Tech","A leading Black-owned business in Tech.","contact67@blackbusiness67.com","(555) 010-0067"
"Black Business 68","New Orleans, LA","Beauty","A leading Black-owned business in Beauty.","contact68@blackbusiness68.com","(555) 010-0068"
"Black Business 69","Nashville, TN","Food","A leading Black-owned business in Food.","contact69@blackbusiness69.com","(555) 010-0069"
"Black Business 70","Miami, FL","Fashion","A leading Black-owned business in Fashion.","contact70@blackbusiness70.com","(555) 010-0070"
"Black Business 71","Atlanta, GA","Consulting","A leading Black-owned business in Consulting.","contact71@blackbusiness71.com","(555) 010-0071"
"Black Business 72","New York, NY","Health","A leading Black-owned business in Health.","contact72@blackbusiness72.com","(555) 010-0072"
"Black Business 73","Los Angeles, CA","Entertainment","A leading Black-owned business in Entertainment.","contact73@blackbusiness73.com","(555) 010-0073"
"Black Business 74","Chicago, IL","Finance","A leading Black-owned business in Finance.","contact74@blackbusiness74.com","(555) 010-0074"
"Black Business 75","Houston, TX","Education","A leading Black-owned business in Education.","contact75@blackbusiness75.com","(555) 010-0075"
"Black Business 76","Washington, DC","Real Estate","A leading Black-owned business in Real Estate.","contact76@blackbusiness76.com","(555) 010-0076"
"Black Business 77","Detroit, MI","Agriculture","A leading Black-owned business in Agriculture.","contact77@blackbusiness77.com","(555) 010-0077"
"Black Business 78","New Orleans, LA","Tech","A leading Black-owned business in Tech.","contact78@blackbusiness78.com","(555) 010-0078"
"Black Business 79","Nashville, TN","Beauty","A leading Black-owned business in Beauty.","contact79@blackbusiness79.com","(555) 010-0079"
"Black Business 80","Miami, FL","Food","A leading Black-owned business in Food.","contact80@blackbusiness80.com","(555) 010-0080"
"Black Business 81","Atlanta, GA","Fashion","A leading Black-owned business in Fashion.","contact81@blackbusiness81.com","(555) 010-0081"
"Black Business 82","New York, NY","Consulting","A leading Black-owned business in Consulting.","contact82@blackbusiness82.com","(555) 010-0082"
"Black Business 83","Los Angeles, CA","Health","A leading Black-owned business in Health.","contact83@blackbusiness83.com","(555) 010-0083"
"Black Business 84","Chicago, IL","Entertainment","A leading Black-owned business in Entertainment.","contact84@blackbusiness84.com","(555) 010-0084"
"Black Business 85","Houston, TX","Finance","A leading Black-owned business in Finance.","contact85@blackbusiness85.com","(555) 010-0085"
"Black Business 86","Washington, DC","Education","A leading Black-owned business in Education.","contact86@blackbusiness86.com","(555) 010-0086"
"Black Business 87","Detroit, MI","Real Estate","A leading Black-owned business in Real Estate.","contact87@blackbusiness87.com","(555) 010-0087"
"Black Business 88","New Orleans, LA","Agriculture","A leading Black-owned business in Agriculture.","contact88@blackbusiness88.com","(555) 010-0088"
"Black Business 89","Nashville, TN","Tech","A leading Black-owned business in Tech.","contact89@blackbusiness89.com","(555) 010-0089"
"Black Business 90","Miami, FL","Beauty","A leading Black-owned business in Beauty.","contact90@blackbusiness90.com","(555) 010-0090"
"Black Business 91","Atlanta, GA","Food","A leading Black-owned business in Food.","contact91@blackbusiness91.com","(555) 010-0091"
"Black Business 92","New York, NY","Fashion","A leading Black-owned business in Fashion.","contact92@blackbusiness92.com","(555) 010-0092"
"Black Business 93","Los Angeles, CA","Consulting","A leading Black-owned business in Consulting.","contact93@blackbusiness93.com","(555) 010-0093"
"Black Business 94","Chicago, IL","Health","A leading Black-owned business in Health.","contact94@blackbusiness94.com","(555) 010-0094"
"Black Business 95","Houston, TX","Entertainment","A leading Black-owned business in Entertainment.","contact95@blackbusiness95.com","(555) 010-0095"
"Black Business 96","Washington, DC","Finance","A leading Black-owned business in Finance.","contact96@blackbusiness96.com","(555) 010-0096"
"Black Business 97","Detroit, MI","Education","A leading Black-owned business in Education.","contact97@blackbusiness97.com","(555) 010-0097"
"Black Business 98","New Orleans, LA","Real Estate","A leading Black-owned business in Real Estate.","contact98@blackbusiness98.com","(555) 010-0098"
"Black Business 99","Nashville, TN","Agriculture","A leading Black-owned business in Agriculture.","contact99@blackbusiness99.com","(555) 010-0099"
"Black Business 100","Miami, FL","Tech","A leading Black-owned business in Tech.","contact100@blackbusiness100.com","(555) 010-0100"
"Black Business 101","Atlanta, GA","Beauty","A leading Black-owned business in Beauty.","contact101@blackbusiness101.com","(555) 010-0101"
"Black Business 102","New York, NY","Food","A leading Black-owned business in Food.","contact102@blackbusiness102.com","(555) 010-0102"
"Black Business 103","Los Angeles, CA","Fashion","A leading Black-owned business in Fashion.","contact103@blackbusiness103.com","(555) 010-0103"
"Black Business 104","Chicago, IL","Consulting","A leading Black-owned business in Consulting.","contact104@blackbusiness104.com","(555) 010-0104"
"Black Business 105","Houston, TX","Health","A leading Black-owned business in Health.","contact105@blackbusiness105.com","(555) 010-0105"
"Black Business 106","Washington, DC","Entertainment","A leading Black-owned business in Entertainment.","contact106@blackbusiness106.com","(555) 010-0106"
"Black Business 107","Detroit, MI","Finance","A leading Black-owned business in Finance.","contact107@blackbusiness107.com","(555) 010-0107"
"Black Business 108","New Orleans, LA","Education","A leading Black-owned business in Education.","contact108@blackbusiness108.com","(555) 010-0108"
"Black Business 109","Nashville, TN","Real Estate","A leading Black-owned business in Real Estate.","contact109@blackbusiness109.com","(555) 010-0109"
"Black Business 110","Miami, FL","Agriculture","A leading Black-owned business in Agriculture.","contact110@blackbusiness110.com","(555) 010-0110"
"Black Business 111","Atlanta, GA","Tech","A leading Black-owned business in Tech.","contact111@blackbusiness111.com","(555) 010-0111"
"Black Business 112","New York, NY","Beauty","A leading Black-owned business in Beauty.","contact112@blackbusiness112.com","(555) 010-0112"
"Black Business 113","Los Angeles, CA","Food","A leading Black-owned business in Food.","contact113@blackbusiness113.com","(555) 010-0113"
"Black Business 114","Chicago, IL","Fashion","A leading Black-owned business in Fashion.","contact114@blackbusiness114.com","(555) 010-0114"
"Black Business 115","Houston, TX","Consulting","A leading Black-owned business in Consulting.","contact115@blackbusiness115.com","(555) 010-0115"
"Black Business 116","Washington, DC","Health","A leading Black-owned business in Health.","contact116@blackbusiness116.com","(555) 010-0116"
"Black Business 117","Detroit, MI","Entertainment","A leading Black-owned business in Entertainment.","contact117@blackbusiness117.com","(555) 010-0117"
"Black Business 118","New Orleans, LA","Finance","A leading Black-owned business in Finance.","contact118@blackbusiness118.com","(555) 010-0118"
"Black Business 119","Nashville, TN","Education","A leading Black-owned business in Education.","contact119@blackbusiness119.com","(555) 010-0119"
"Black Business 120","Miami, FL","Real Estate","A leading Black-owned business in Real Estate.","contact120@blackbusiness120.com","(555) 010-0120"
"Black Business 121","Atlanta, GA","Agriculture","A leading Black-owned business in Agriculture.","contact121@blackbusiness121.com","(555) 010-0121"
"Black Business 122","New York, NY","Tech","A leading Black-owned business in Tech.","contact122@blackbusiness122.com","(555) 010-0122"
"Black Business 123","Los Angeles, CA","Beauty","A leading Black-owned business in Beauty.","contact123@blackbusiness123.com","(555) 010-0123"
"Black Business 124","Chicago, IL","Food","A leading Black-owned business in Food.","contact124@blackbusiness124.com","(555) 010-0124"
"Black Business 125","Houston, TX","Fashion","A leading Black-owned business in Fashion.","contact125@blackbusiness125.com","(555) 010-0125"
"Black Business 126","Washington, DC","Consulting","A leading Black-owned business in Consulting.","contact126@blackbusiness126.com","(555) 010-0126"
"Black Business 127","Detroit, MI","Health","A leading Black-owned business in Health.","contact127@blackbusiness127.com","(555) 010-0127"
"Black Business 128","New Orleans, LA","Entertainment","A leading Black-owned business in Entertainment.","contact128@blackbusiness128.com","(555) 010-0128"
"Black Business 129","Nashville, TN","Finance","A leading Black-owned business in Finance.","contact129@blackbusiness129.com","(555) 010-0129"
"Black Business 130","Miami, FL","Education","A leading Black-owned business in Education.","contact130@blackbusiness130.com","(555) 010-0130"
"Black Business 131","Atlanta, GA","Real Estate","A leading Black-owned business in Real Estate.","contact131@blackbusiness131.com","(555) 010-0131"
"Black Business 132","New York, NY","Agriculture","A leading Black-owned business in Agriculture.","contact132@blackbusiness132.com","(555) 010-0132"
"Black Business 133","Los Angeles, CA","Tech","A leading Black-owned business in Tech.","contact133@blackbusiness133.com","(555) 010-0133"
"Black Business 134","Chicago, IL","Beauty","A leading Black-owned business in Beauty.","contact134@blackbusiness134.com","(555) 010-0134"
"Black Business 135","Houston, TX","Food","A leading Black-owned business in Food.","contact135@blackbusiness135.com","(555) 010-0135"
"Black Business 136","Washington, DC","Fashion","A leading Black-owned business in Fashion.","contact136@blackbusiness136.com","(555) 010-0136"
"Black Business 137","Detroit, MI","Consulting","A leading Black-owned business in Consulting.","contact137@blackbusiness137.com","(555) 010-0137"
"Black Business 138","New Orleans, LA","Health","A leading Black-owned business in Health.","contact138@blackbusiness138.com","(555) 010-0138"
"Black Business 139","Nashville, TN","Entertainment","A leading Black-owned business in Entertainment.","contact139@blackbusiness139.com","(555) 010-0139"
"Black Business 140","Miami, FL","Finance","A leading Black-owned business in Finance.","contact140@blackbusiness140.com","(555) 010-0140"
"Black Business 141","Atlanta, GA","Education","A leading Black-owned business in Education.","contact141@blackbusiness141.com","(555) 010-0141"
"Black Business 142","New York, NY","Real Estate","A leading Black-owned business in Real Estate.","contact142@blackbusiness142.com","(555) 010-0142"
"Black Business 143","Los Angeles, CA","Agriculture","A leading Black-owned business in Agriculture.","contact143@blackbusiness143.com","(555) 010-0143"
"Black Business 144","Chicago, IL","Tech","A leading Black-owned business in Tech.","contact144@blackbusiness144.com","(555) 010-0144"
"Black Business 145","Houston, TX","Beauty","A leading Black-owned business in Beauty.","contact145@blackbusiness145.com","(555) 010-0145"
"Black Business 146","Washington, DC","Food","A leading Black-owned business in Food.","contact146@blackbusiness146.com","(555) 010-0146"
"Black Business 147","Detroit, MI","Fashion","A leading Black-owned business in Fashion.","contact147@blackbusiness147.com","(555) 010-0147"
"Black Business 148","New Orleans, LA","Consulting","A leading Black-owned business in Consulting.","contact148@blackbusiness148.com","(555) 010-0148"
"Black Business 149","Nashville, TN","Health","A leading Black-owned business in Health.","contact149@blackbusiness149.com","(555) 010-0149"
"Black Business 150","Miami, FL","Entertainment","A leading Black-owned business in Entertainment.","contact150@blackbusiness150.com","(555) 010-0150"
"Black Business 151","Atlanta, GA","Finance","A leading Black-owned business in Finance.","contact151@blackbusiness151.com","(555) 010-0151"
"Black Business 152","New York, NY","Education","A leading Black-owned business in Education.","contact152@blackbusiness152.com","(555) 010-0152"
"Black Business 153","Los Angeles, CA","Real Estate","A leading Black-owned business in Real Estate.","contact153@blackbusiness153.com","(555) 010-0153"
"Black Business 154","Chicago, IL","Agriculture","A leading Black-owned business in Agriculture.","contact154@blackbusiness154.com","(555) 010-0154"
"Black Business 155","Houston, TX","Tech","A leading Black-owned business in Tech.","contact155@blackbusiness155.com","(555) 010-0155"
"Black Business 156","Washington, DC","Beauty","A leading Black-owned business in Beauty.","contact156@blackbusiness156.com","(555) 010-0156"
"Black Business 157","Detroit, MI","Food","A leading Black-owned business in Food.","contact157@blackbusiness157.com","(555) 010-0157"
"Black Business 158","New Orleans, LA","Fashion","A leading Black-owned business in Fashion.","contact158@blackbusiness158.com","(555) 010-0158"
"Black Business 159","Nashville, TN","Consulting","A leading Black-owned business in Consulting.","contact159@blackbusiness159.com","(555) 010-0159"
"Black Business 160","Miami, FL","Health","A leading Black-owned business in Health.","contact160@blackbusiness160.com","(555) 010-0160"
"Black Business 161","Atlanta, GA","Entertainment","A leading Black-owned business in Entertainment.","contact161@blackbusiness161.com","(555) 010-0161"
"Black Business 162","New York, NY","Finance","A leading Black-owned business in Finance.","contact162@blackbusiness162.com","(555) 010-0162"
"Black Business 163","Los Angeles, CA","Education","A leading Black-owned business in Education.","contact163@blackbusiness163.com","(555) 010-0163"
"Black Business 164","Chicago, IL","Real Estate","A leading Black-owned business in Real Estate.","contact164@blackbusiness164.com","(555) 010-0164"
"Black Business 165","Houston, TX","Agriculture","A leading Black-owned business in Agriculture.","contact165@blackbusiness165.com","(555) 010-0165"
"Black Business 166","Washington, DC","Tech","A leading Black-owned business in Tech.","contact166@blackbusiness166.com","(555) 010-0166"
"Black Business 167","Detroit, MI","Beauty","A leading Black-owned business in Beauty.","contact167@blackbusiness167.com","(555) 010-0167"
"Black Business 168","New Orleans, LA","Food","A leading Black-owned business in Food.","contact168@blackbusiness168.com","(555) 010-0168"
"Black Business 169","Nashville, TN","Fashion","A leading Black-owned business in Fashion.","contact169@blackbusiness169.com","(555) 010-0169"
"Black Business 170","Miami, FL","Consulting","A leading Black-owned business in Consulting.","contact170@blackbusiness170.com","(555) 010-0170"
"Black Business 171","Atlanta, GA","Health","A leading Black-owned business in Health.","contact171@blackbusiness171.com","(555) 010-0171"
"Black Business 172","New York, NY","Entertainment","A leading Black-owned business in Entertainment.","contact172@blackbusiness172.com","(555) 010-0172"
"Black Business 173","Los Angeles, CA","Finance","A leading Black-owned business in Finance.","contact173@blackbusiness173.com","(555) 010-0173"
"Black Business 174","Chicago, IL","Education","A leading Black-owned business in Education.","contact174@blackbusiness174.com","(555) 010-0174"
"Black Business 175","Houston, TX","Real Estate","A leading Black-owned business in Real Estate.","contact175@blackbusiness175.com","(555) 010-0175"
"Black Business 176","Washington, DC","Agriculture","A leading Black-owned business in Agriculture.","contact176@blackbusiness176.com","(555) 010-0176"
"Black Business 177","Detroit, MI","Tech","A leading Black-owned business in Tech.","contact177@blackbusiness177.com","(555) 010-0177"
"Black Business 178","New Orleans, LA","Beauty","A leading Black-owned business in Beauty.","contact178@blackbusiness178.com","(555) 010-0178"
"Black Business 179","Nashville, TN","Food","A leading Black-owned business in Food.","contact179@blackbusiness179.com","(555) 010-0179"
"Black Business 180","Miami, FL","Fashion","A leading Black-owned business in Fashion.","contact180@blackbusiness180.com","(555) 010-0180"
"Black Business 181","Atlanta, GA","Consulting","A leading Black-owned business in Consulting.","contact181@blackbusiness181.com","(555) 010-0181"
"Black Business 182","New York, NY","Health","A leading Black-owned business in Health.","contact182@blackbusiness182.com","(555) 010-0182"
"Black Business 183","Los Angeles, CA","Entertainment","A leading Black-owned business in Entertainment.","contact183@blackbusiness183.com","(555) 010-0183"
"Black Business 184","Chicago, IL","Finance","A leading Black-owned business in Finance.","contact184@blackbusiness184.com","(555) 010-0184"
"Black Business 185","Houston, TX","Education","A leading Black-owned business in Education.","contact185@blackbusiness185.com","(555) 010-0185"
"Black Business 186","Washington, DC","Real Estate","A leading Black-owned business in Real Estate.","contact186@blackbusiness186.com","(555) 010-0186"
"Black Business 187","Detroit, MI","Agriculture","A leading Black-owned business in Agriculture.","contact187@blackbusiness187.com","(555) 010-0187"
"Black Business 188","New Orleans, LA","Tech","A leading Black-owned business in Tech.","contact188@blackbusiness188.com","(555) 010-0188"
"Black Business 189","Nashville, TN","Beauty","A leading Black-owned business in Beauty.","contact189@blackbusiness189.com","(555) 010-0189"
"Black Business 190","Miami, FL","Food","A leading Black-owned business in Food.","contact190@blackbusiness190.com","(555) 010-0190"
"Black Business 191","Atlanta, GA","Fashion","A leading Black-owned business in Fashion.","contact191@blackbusiness191.com","(555) 010-0191"
"Black Business 192","New York, NY","Consulting","A leading Black-owned business in Consulting.","contact192@blackbusiness192.com","(555) 010-0192"
"Black Business 193","Los Angeles, CA","Health","A leading Black-owned business in Health.","contact193@blackbusiness193.com","(555) 010-0193"
"Black Business 194","Chicago, IL","Entertainment","A leading Black-owned business in Entertainment.","contact194@blackbusiness194.com","(555) 010-0194"
"Black Business 195","Houston, TX","Finance","A leading Black-owned business in Finance.","contact195@blackbusiness195.com","(555) 010-0195"
"Black Business 196","Washington, DC","Education","A leading Black-owned business in Education.","contact196@blackbusiness196.com","(555) 010-0196"
"Black Business 197","Detroit, MI","Real Estate","A leading Black-owned business in Real Estate.","contact197@blackbusiness197.com","(555) 010-0197"
"Black Business 198","New Orleans, LA","Agriculture","A leading Black-owned business in Agriculture.","contact198@blackbusiness198.com","(555) 010-0198"
"Black Business 199","Nashville, TN","Tech","A leading Black-owned business in Tech.","contact199@blackbusiness199.com","(555) 010-0199"
"Black Business 200","Miami, FL","Beauty","A leading Black-owned business in Beauty.","contact200@blackbusiness200.com","(555) 010-0200"
"Black Business 201","Atlanta, GA","Food","A leading Black-owned business in Food.","contact201@blackbusiness201.com","(555) 010-0201"
"Black Business 202","New York, NY","Fashion","A leading Black-owned business in Fashion.","contact202@blackbusiness202.com","(555) 010-0202"
"Black Business 203","Los Angeles, CA","Consulting","A leading Black-owned business in Consulting.","contact203@blackbusiness203.com","(555) 010-0203"
"Black Business 204","Chicago, IL","Health","A leading Black-owned business in Health.","contact204@blackbusiness204.com","(555) 010-0204"
"Black Business 205","Houston, TX","Entertainment","A leading Black-owned business in Entertainment.","contact205@blackbusiness205.com","(555) 010-0205"
"Black Business 206","Washington, DC","Finance","A leading Black-owned business in Finance.","contact206@blackbusiness206.com","(555) 010-0206"
"Black Business 207","Detroit, MI","Education","A leading Black-owned business in Education.","contact207@blackbusiness207.com","(555) 010-0207"
"Black Business 208","New Orleans, LA","Real Estate","A leading Black-owned business in Real Estate.","contact208@blackbusiness208.com","(555) 010-0208"
"Black Business 209","Nashville, TN","Agriculture","A leading Black-owned business in Agriculture.","contact209@blackbusiness209.com","(555) 010-0209"
"Black Business 210","Miami, FL","Tech","A leading Black-owned business in Tech.","contact210@blackbusiness210.com","(555) 010-0210"
"Black Business 211","Atlanta, GA","Beauty","A leading Black-owned business in Beauty.","contact211@blackbusiness211.com","(555) 010-0211"
"Black Business 212","New York, NY","Food","A leading Black-owned business in Food.","contact212@blackbusiness212.com","(555) 010-0212"
"Black Business 213","Los Angeles, CA","Fashion","A leading Black-owned business in Fashion.","contact213@blackbusiness213.com","(555) 010-0213"
"Black Business 214","Chicago, IL","Consulting","A leading Black-owned business in Consulting.","contact214@blackbusiness214.com","(555) 010-0214"
"Black Business 215","Houston, TX","Health","A leading Black-owned business in Health.","contact215@blackbusiness215.com","(555) 010-0215"
"Black Business 216","Washington, DC","Entertainment","A leading Black-owned business in Entertainment.","contact216@blackbusiness216.com","(555) 010-0216"
"Black Business 217","Detroit, MI","Finance","A leading Black-owned business in Finance.","contact217@blackbusiness217.com","(555) 010-0217"
"Black Business 218","New Orleans, LA","Education","A leading Black-owned business in Education.","contact218@blackbusiness218.com","(555) 010-0218"
"Black Business 219","Nashville, TN","Real Estate","A leading Black-owned business in Real Estate.","contact219@blackbusiness219.com","(555) 010-0219"
"Black Business 220","Miami, FL","Agriculture","A leading Black-owned business in Agriculture.","contact220@blackbusiness220.com","(555) 010-0220"
"Black Business 221","Atlanta, GA","Tech","A leading Black-owned business in Tech.","contact221@blackbusiness221.com","(555) 010-0221"
"Black Business 222","New York, NY","Beauty","A leading Black-owned business in Beauty.","contact222@blackbusiness222.com","(555) 010-0222"
"Black Business 223","Los Angeles, CA","Food","A leading Black-owned business in Food.","contact223@blackbusiness223.com","(555) 010-0223"
"Black Business 224","Chicago, IL","Fashion","A leading Black-owned business in Fashion.","contact224@blackbusiness224.com","(555) 010-0224"
"Black Business 225","Houston, TX","Consulting","A leading Black-owned business in Consulting.","contact225@blackbusiness225.com","(555) 010-0225"
"Black Business 226","Washington, DC","Health","A leading Black-owned business in Health.","contact226@blackbusiness226.com","(555) 010-0226"
"Black Business 227","Detroit, MI","Entertainment","A leading Black-owned business in Entertainment.","contact227@blackbusiness227.com","(555) 010-0227"
"Black Business 228","New Orleans, LA","Finance","A leading Black-owned business in Finance.","contact228@blackbusiness228.com","(555) 010-0228"
"Black Business 229","Nashville, TN","Education","A leading Black-owned business in Education.","contact229@blackbusiness229.com","(555) 010-0229"
"Black Business 230","Miami, FL","Real Estate","A leading Black-owned business in Real Estate.","contact230@blackbusiness230.com","(555) 010-0230"
"Black Business 231","Atlanta, GA","Agriculture","A leading Black-owned business in Agriculture.","contact231@blackbusiness231.com","(555) 010-0231"
"Black Business 232","New York, NY","Tech","A leading Black-owned business in Tech.","contact232@blackbusiness232.com","(555) 010-0232"
"Black Business 233","Los Angeles, CA","Beauty","A leading Black-owned business in Beauty.","contact233@blackbusiness233.com","(555) 010-0233"
"Black Business 234","Chicago, IL","Food","A leading Black-owned business in Food.","contact234@blackbusiness234.com","(555) 010-0234"
"Black Business 235","Houston, TX","Fashion","A leading Black-owned business in Fashion.","contact235@blackbusiness235.com","(555) 010-0235"
"Black Business 236","Washington, DC","Consulting","A leading Black-owned business in Consulting.","contact236@blackbusiness236.com","(555) 010-0236"
"Black Business 237","Detroit, MI","Health","A leading Black-owned business in Health.","contact237@blackbusiness237.com","(555) 010-0237"
"Black Business 238","New Orleans, LA","Entertainment","A leading Black-owned business in Entertainment.","contact238@blackbusiness238.com","(555) 010-0238"
"Black Business 239","Nashville, TN","Finance","A leading Black-owned business in Finance.","contact239@blackbusiness239.com","(555) 010-0239"
"Black Business 240","Miami, FL","Education","A leading Black-owned business in Education.","contact240@blackbusiness240.com","(555) 010-0240"
"Black Business 241","Atlanta, GA","Real Estate","A leading Black-owned business in Real Estate.","contact241@blackbusiness241.com","(555) 010-0241"
"Black Business 242","New York, NY","Agriculture","A leading Black-owned business in Agriculture.","contact242@blackbusiness242.com","(555) 010-0242"
"Black Business 243","Los Angeles, CA","Tech","A leading Black-owned business in Tech.","contact243@blackbusiness243.com","(555) 010-0243"
"Black Business 244","Chicago, IL","Beauty","A leading Black-owned business in Beauty.","contact244@blackbusiness244.com","(555) 010-0244"
"Black Business 245","Houston, TX","Food","A leading Black-owned business in Food.","contact245@blackbusiness245.com","(555) 010-0245"
"Black Business 246","Washington, DC","Fashion","A leading Black-owned business in Fashion.","contact246@blackbusiness246.com","(555) 010-0246"
"Black Business 247","Detroit, MI","Consulting","A leading Black-owned business in Consulting.","contact247@blackbusiness247.com","(555) 010-0247"
"Black Business 248","New Orleans, LA","Health","A leading Black-owned business in Health.","contact248@blackbusiness248.com","(555) 010-0248"
"Black Business 249","Nashville, TN","Entertainment","A leading Black-owned business in Entertainment.","contact249@blackbusiness249.com","(555) 010-0249"
"Black Business 250","Miami, FL","Finance","A leading Black-owned business in Finance.","contact250@blackbusiness250.com","(555) 010-0250"
"Black Business 251","Atlanta, GA","Education","A leading Black-owned business in Education.","contact251@blackbusiness251.com","(555) 010-0251"
"Black Business 252","New York, NY","Real Estate","A leading Black-owned business in Real Estate.","contact252@blackbusiness252.com","(555) 010-0252"
"Black Business 253","Los Angeles, CA","Agriculture","A leading Black-owned business in Agriculture.","contact253@blackbusiness253.com","(555) 010-0253"
"Black Business 254","Chicago, IL","Tech","A leading Black-owned business in Tech.","contact254@blackbusiness254.com","(555) 010-0254"
"Black Business 255","Houston, TX","Beauty","A leading Black-owned business in Beauty.","contact255@blackbusiness255.com","(555) 010-0255"
"Black Business 256","Washington, DC","Food","A leading Black-owned business in Food.","contact256@blackbusiness256.com","(555) 010-0256"
"Black Business 257","Detroit, MI","Fashion","A leading Black-owned business in Fashion.","contact257@blackbusiness257.com","(555) 010-0257"
"Black Business 258","New Orleans, LA","Consulting","A leading Black-owned business in Consulting.","contact258@blackbusiness258.com","(555) 010-0258"
"Black Business 259","Nashville, TN","Health","A leading Black-owned business in Health.","contact259@blackbusiness259.com","(555) 010-0259"
"Black Business 260","Miami, FL","Entertainment","A leading Black-owned business in Entertainment.","contact260@blackbusiness260.com","(555) 010-0260"
"Black Business 261","Atlanta, GA","Finance","A leading Black-owned business in Finance.","contact261@blackbusiness261.com","(555) 010-0261"
"Black Business 262","New York, NY","Education","A leading Black-owned business in Education.","contact262@blackbusiness262.com","(555) 010-0262"
"Black Business 263","Los Angeles, CA","Real Estate","A leading Black-owned business in Real Estate.","contact263@blackbusiness263.com","(555) 010-0263"
"Black Business 264","Chicago, IL","Agriculture","A leading Black-owned business in Agriculture.","contact264@blackbusiness264.com","(555) 010-0264"
"Black Business 265","Houston, TX","Tech","A leading Black-owned business in Tech.","contact265@blackbusiness265.com","(555) 010-0265"
"Black Business 266","Washington, DC","Beauty","A leading Black-owned business in Beauty.","contact266@blackbusiness266.com","(555) 010-0266"
"Black Business 267","Detroit, MI","Food","A leading Black-owned business in Food.","contact267@blackbusiness267.com","(555) 010-0267"
"Black Business 268","New Orleans, LA","Fashion","A leading Black-owned business in Fashion.","contact268@blackbusiness268.com","(555) 010-0268"
"Black Business 269","Nashville, TN","Consulting","A leading Black-owned business in Consulting.","contact269@blackbusiness269.com","(555) 010-0269"
"Black Business 270","Miami, FL","Health","A leading Black-owned business in Health.","contact270@blackbusiness270.com","(555) 010-0270"
"Black Business 271","Atlanta, GA","Entertainment","A leading Black-owned business in Entertainment.","contact271@blackbusiness271.com","(555) 010-0271"
"Black Business 272","New York, NY","Finance","A leading Black-owned business in Finance.","contact272@blackbusiness272.com","(555) 010-0272"
"Black Business 273","Los Angeles, CA","Education","A leading Black-owned business in Education.","contact273@blackbusiness273.com","(555) 010-0273"
"Black Business 274","Chicago, IL","Real Estate","A leading Black-owned business in Real Estate.","contact274@blackbusiness274.com","(555) 010-0274"
"Black Business 275","Houston, TX","Agriculture","A leading Black-owned business in Agriculture.","contact275@blackbusiness275.com","(555) 010-0275"
"Black Business 276","Washington, DC","Tech","A leading Black-owned business in Tech.","contact276@blackbusiness276.com","(555) 010-0276"
"Black Business 277","Detroit, MI","Beauty","A leading Black-owned business in Beauty.","contact277@blackbusiness277.com","(555) 010-0277"
"Black Business 278","New Orleans, LA","Food","A leading Black-owned business in Food.","contact278@blackbusiness278.com","(555) 010-0278"
"Black Business 279","Nashville, TN","Fashion","A leading Black-owned business in Fashion.","contact279@blackbusiness279.com","(555) 010-0279"
"Black Business 280","Miami, FL","Consulting","A leading Black-owned business in Consulting.","contact280@blackbusiness280.com","(555) 010-0280"
"Black Business 281","Atlanta, GA","Health","A leading Black-owned business in Health.","contact281@blackbusiness281.com","(555) 010-0281"
"Black Business 282","New York, NY","Entertainment","A leading Black-owned business in Entertainment.","contact282@blackbusiness282.com","(555) 010-0282"
"Black Business 283","Los Angeles, CA","Finance","A leading Black-owned business in Finance.","contact283@blackbusiness283.com","(555) 010-0283"
"Black Business 284","Chicago, IL","Education","A leading Black-owned business in Education.","contact284@blackbusiness284.com","(555) 010-0284"
"Black Business 285","Houston, TX","Real Estate","A leading Black-owned business in Real Estate.","contact285@blackbusiness285.com","(555) 010-0285"
"Black Business 286","Washington, DC","Agriculture","A leading Black-owned business in Agriculture.","contact286@blackbusiness286.com","(555) 010-0286"
"Black Business 287","Detroit, MI","Tech","A leading Black-owned business in Tech.","contact287@blackbusiness287.com","(555) 010-0287"
"Black Business 288","New Orleans, LA","Beauty","A leading Black-owned business in Beauty.","contact288@blackbusiness288.com","(555) 010-0288"
"Black Business 289","Nashville, TN","Food","A leading Black-owned business in Food.","contact289@blackbusiness289.com","(555) 010-0289"
"Black Business 290","Miami, FL","Fashion","A leading Black-owned business in Fashion.","contact290@blackbusiness290.com","(555) 010-0290"
"Black Business 291","Atlanta, GA","Consulting","A leading Black-owned business in Consulting.","contact291@blackbusiness291.com","(555) 010-0291"
"Black Business 292","New York, NY","Health","A leading Black-owned business in Health.","contact292@blackbusiness292.com","(555) 010-0292"
"Black Business 293","Los Angeles, CA","Entertainment","A leading Black-owned business in Entertainment.","contact293@blackbusiness293.com","(555) 010-0293"
"Black Business 294","Chicago, IL","Finance","A leading Black-owned business in Finance.","contact294@blackbusiness294.com","(555) 010-0294"
"Black Business 295","Houston, TX","Education","A leading Black-owned business in Education.","contact295@blackbusiness295.com","(555) 010-0295"
"Black Business 296","Washington, DC","Real Estate","A leading Black-owned business in Real Estate.","contact296@blackbusiness296.com","(555) 010-0296"
"Black Business 297","Detroit, MI","Agriculture","A leading Black-owned business in Agriculture.","contact297@blackbusiness297.com","(555) 010-0297"
"Black Business 298","New Orleans, LA","Tech","A leading Black-owned business in Tech.","contact298@blackbusiness298.com","(555) 010-0298"
"Black Business 299","Nashville, TN","Beauty","A leading Black-owned business in Beauty.","contact299@blackbusiness299.com","(555) 010-0299"
"Black Business 300","Miami, FL","Food","A leading Black-owned business in Food.","contact300@blackbusiness300.com","(555) 010-0300"
